CREATE TABLE VEM_SER.PAIS(
ID_PAIS NUMBER(38,0) PRIMARY KEY NOT NULL,
NOME VARCHAR(50) UNIQUE NOT NULL
);

CREATE TABLE VEM_SER.ESTADO(
ID_ESTADO NUMBER(38,0) PRIMARY KEY NOT NULL,
ID_PAIS NUMBER(38,0) NOT NULL,
NOME VARCHAR(50) NOT NULL,
CONSTRAINT FK_ID_PAIS FOREIGN KEY (ID_PAIS) REFERENCES VEM_SER.PAIS(ID_PAIS)
);
CREATE TABLE VEM_SER.CIDADE(
ID_CIDADE NUMBER(38,0) NOT NULL,
ID_ESTADO NUMBER(38,0) NOT NULL,
CONSTRAINT ID_ESTADO PRIMARY KEY (ID_CIDADE,ID_ESTADO),
NOME VARCHAR(50) NOT NULL,
CONSTRAINT FK_ID_ESTADO FOREIGN KEY (ID_ESTADO) REFERENCES VEM_SER.ESTADO(ID_ESTADO)
);
CREATE TABLE VEM_SER.BAIRRO(
ID_BAIRRO NUMBER(38,0) NOT NULL,
ID_CIDADE NUMBER(38,0) NOT NULL,
CONSTRAINT ID_BAIRRO PRIMARY KEY (ID_BAIRRO,ID_CIDADE),
ID_ESTADO NUMBER(38,0) NOT NULL,
NOME VARCHAR(50) NOT NULL,
CONSTRAINT FK_ID_CIDADE FOREIGN KEY (ID_CIDADE,ID_ESTADO) REFERENCES VEM_SER.CIDADE(ID_CIDADE,ID_ESTADO)
);

CREATE TABLE VEM_SER.ENDERECO(
ID_ENDERECO NUMBER(38,0) PRIMARY KEY NOT NULL,
ID_BAIRRO NUMBER(38,0) NOT NULL,
ID_CIDADE NUMBER(38,0) NOT NULL,
LOGRADOURO VARCHAR(255) NOT NULL,
NUMERO NUMBER(38,0) NOT NULL,
COMPLEMENTO VARCHAR(100),
CEP CHAR(9),
CONSTRAINT FK_ID_BAIRRO FOREIGN KEY (ID_BAIRRO,ID_CIDADE) REFERENCES VEM_SER.BAIRRO(ID_BAIRRO,ID_CIDADE)
);

INSERT INTO VEM_SER.PAIS(ID_PAIS,NOME)
VALUES(1,'BRASIL');

INSERT INTO VEM_SER.PAIS(ID_PAIS,NOME)
VALUES(2,'MEXICO');

INSERT INTO VEM_SER.ESTADO(ID_ESTADO,ID_PAIS,NOME)
VALUES(1,1,'PARANA');

INSERT INTO VEM_SER.ESTADO(ID_ESTADO,ID_PAIS,NOME)
VALUES(2,1,'SAO PAULO');

INSERT INTO VEM_SER.ESTADO(ID_ESTADO,ID_PAIS,NOME)
VALUES(3,2,'NUEVO LEON');

INSERT INTO VEM_SER.ESTADO(ID_ESTADO,ID_PAIS,NOME)
VALUES(4,2,'VERACRUZ');

INSERT INTO VEM_SER.CIDADE(ID_CIDADE,ID_ESTADO,NOME)
VALUES(1,1,'PATO BRANCO');

INSERT INTO VEM_SER.CIDADE(ID_CIDADE,ID_ESTADO,NOME)
VALUES(2,1,'BELTRAO');

INSERT INTO VEM_SER.CIDADE(ID_CIDADE,ID_ESTADO,NOME)
VALUES(3,2,'CAMPINAS');

INSERT INTO VEM_SER.CIDADE(ID_CIDADE,ID_ESTADO,NOME)
VALUES(4,2,'SANTOS');

INSERT INTO VEM_SER.CIDADE(ID_CIDADE,ID_ESTADO,NOME)
VALUES(5,3,'MONTERREY');

INSERT INTO VEM_SER.CIDADE(ID_CIDADE,ID_ESTADO,NOME)
VALUES(6,3,'SANTIAGO');

INSERT INTO VEM_SER.CIDADE(ID_CIDADE,ID_ESTADO,NOME)
VALUES(7,4,'CUARTELEZ');

INSERT INTO VEM_SER.CIDADE(ID_CIDADE,ID_ESTADO,NOME)
VALUES(8,4,'EL VALLE');

INSERT INTO VEM_SER.BAIRRO(ID_BAIRRO,ID_CIDADE,ID_ESTADO,NOME)
VALUES(1,1,1,'CENTRO');

INSERT INTO VEM_SER.BAIRRO(ID_BAIRRO,ID_CIDADE,ID_ESTADO,NOME)
VALUES(2,1,1,'SAO FRANCISCO');

INSERT INTO VEM_SER.BAIRRO(ID_BAIRRO,ID_CIDADE,ID_ESTADO,NOME)
VALUES(3,2,1,'SAO LUCAS');

INSERT INTO VEM_SER.BAIRRO(ID_BAIRRO,ID_CIDADE,ID_ESTADO,NOME)
VALUES(4,2,1,'SAO JOAO');

INSERT INTO VEM_SER.BAIRRO(ID_BAIRRO,ID_CIDADE,ID_ESTADO,NOME)
VALUES(7,3,2,'IRACEMA');

INSERT INTO VEM_SER.BAIRRO(ID_BAIRRO,ID_CIDADE,ID_ESTADO,NOME)
VALUES(3,3,1,'SAO LUCAS');

INSERT INTO VEM_SER.BAIRRO(ID_BAIRRO,ID_CIDADE,ID_ESTADO,NOME)
VALUES(8,4,2,'SAO LUCAS');

INSERT INTO VEM_SER.BAIRRO(ID_BAIRRO,ID_CIDADE,ID_ESTADO,NOME)
VALUES(6,4,2,'JOAO PAULO');

INSERT INTO VEM_SER.BAIRRO(ID_BAIRRO,ID_CIDADE,ID_ESTADO,NOME)
VALUES(7,4,2,'LIBERDADE');

INSERT INTO VEM_SER.ENDERECO(ID_ENDERECO,ID_BAIRRO,ID_CIDADE,LOGRADOURO,NUMERO,COMPLEMENTO,CEP)
VALUES(1,1,1,'AV.BRASIL',442,'MONTE CARMELO','855010570');

INSERT INTO VEM_SER.ENDERECO(ID_ENDERECO,ID_BAIRRO,ID_CIDADE,LOGRADOURO,NUMERO,COMPLEMENTO,CEP)
VALUES(2,1,1,'HILDA',234,'MONTE CARMELO','693145401');

INSERT INTO VEM_SER.ENDERECO(ID_ENDERECO,ID_BAIRRO,ID_CIDADE,LOGRADOURO,NUMERO,COMPLEMENTO,CEP)
VALUES(3,2,1,'COIMBRA',442,'SAO LUCAS','695010570');

INSERT INTO VEM_SER.ENDERECO(ID_ENDERECO,ID_BAIRRO,ID_CIDADE,LOGRADOURO,NUMERO,COMPLEMENTO,CEP)
VALUES(4,2,1,'COIMBRA',754,'SALUTE','695010572');

INSERT INTO VEM_SER.ENDERECO(ID_ENDERECO,ID_BAIRRO,ID_CIDADE,LOGRADOURO,NUMERO,COMPLEMENTO,CEP)
VALUES(5,3,2,'LIBERDADE',09,'SAO LUCAS','695057010');

INSERT INTO VEM_SER.ENDERECO(ID_ENDERECO,ID_BAIRRO,ID_CIDADE,LOGRADOURO,NUMERO,COMPLEMENTO,CEP)
VALUES(6,3,2,'COIMBRA',442,'SAO LUCAS','695010570');

INSERT INTO VEM_SER.ENDERECO(ID_ENDERECO,ID_BAIRRO,ID_CIDADE,LOGRADOURO,NUMERO,COMPLEMENTO,CEP)
VALUES(7,4,2,'BOM JARDIM',498,'AP603','695076570');

INSERT INTO VEM_SER.ENDERECO(ID_ENDERECO,ID_BAIRRO,ID_CIDADE,LOGRADOURO,NUMERO,COMPLEMENTO,CEP)
VALUES(12,4,2,'BOM JARDIM',498,'AP603','695076570');

INSERT INTO VEM_SER.ENDERECO(ID_ENDERECO,ID_BAIRRO,ID_CIDADE,LOGRADOURO,NUMERO,COMPLEMENTO,CEP)
VALUES(8,5,3,'COIMBRA',442,'SAO LUCAS','695010570');

INSERT INTO VEM_SER.ENDERECO(ID_ENDERECO,ID_BAIRRO,ID_CIDADE,LOGRADOURO,NUMERO,COMPLEMENTO,CEP)
VALUES(9,7,3,'COIMBRA',425,'SAO LUCAS','69522570');

INSERT INTO VEM_SER.ENDERECO(ID_ENDERECO,ID_BAIRRO,ID_CIDADE,LOGRADOURO,NUMERO,COMPLEMENTO,CEP)
VALUES(10,6,4,'COIMBRA',423,'SAO LUCAS','69523570');

INSERT INTO VEM_SER.ENDERECO(ID_ENDERECO,ID_BAIRRO,ID_CIDADE,LOGRADOURO,NUMERO,COMPLEMENTO,CEP)
VALUES(11,8,4,'COIMBRA',462,'SAO LUCAS','691210570');

INSERT INTO VEM_SER.ENDERECO(ID_ENDERECO,ID_BAIRRO,ID_CIDADE,LOGRADOURO,NUMERO,COMPLEMENTO,CEP)
VALUES(13,5,3,'AVENIDA',122,'SAO LUCAS','695010980');

INSERT INTO VEM_SER.ENDERECO(ID_ENDERECO,ID_BAIRRO,ID_CIDADE,LOGRADOURO,NUMERO,COMPLEMENTO,CEP)
VALUES(14,6,4,'MARIA',403,'SAO LUCAS','699875420');

INSERT INTO VEM_SER.ENDERECO(ID_ENDERECO,ID_BAIRRO,ID_CIDADE,LOGRADOURO,NUMERO,COMPLEMENTO,CEP)
VALUES(15,7,3,'JAO',425,'','12322570');

INSERT INTO VEM_SER.ENDERECO(ID_ENDERECO,ID_BAIRRO,ID_CIDADE,LOGRADOURO,NUMERO,COMPLEMENTO,CEP)
VALUES(16,8,4,'COIMBRA',425,'SAO LUCAS','69522570');

SELECT * FROM VEM_SER.PAIS
ORDER BY NOME DESC;

SELECT LOGRADOURO,CEP FROM VEM_SER.ENDERECO e  
WHERE UPPER(LOGRADOURO) LIKE UPPER('a%');

SELECT CEP FROM VEM_SER.ENDERECO e 
WHERE CEP LIKE '%0';

SELECT NUMERO FROM VEM_SER.ENDERECO e 
WHERE NUMERO BETWEEN 1 AND 100;

SELECT * FROM VEM_SER.ENDERECO e 
WHERE LOGRADOURO LIKE 'RUA%' 
ORDER BY CEP DESC;

SELECT COUNT(ID_ENDERECO) FROM VEM_SER.ENDERECO;

SELECT COUNT(ID_CIDADE) FROM VEM_SER.ENDERECO
GROUP BY ID_CIDADE;








